NAMA,KELAS,TAHUN,Beruniform,Sukan,KelabPersatuan,Jawatan,BilKehadiranKoko
Ahmad Hakim,1 Marwah,1,Pengakap Kanak-Kanak,Bola Sepak,Kelab Sains,Pengerusi,12
Aisyah Zahra,1 Safa,1,Tunas Puteri,Badminton,Kelab Bahasa,Setiausaha,10
Muhammad Danish,2 Marwah,2,Bulan Sabit Merah,Olahraga,Kelab ICT,Ahli,10
Nurul Iman,2 Safa,2,TKRS,Ping Pong,Kelab Seni,Ahli,7
Aiman Syahmi,3 Marwah,3,Puteri Islam,Bola Jaring,Kelab Muzik,Ahli,11
Siti Maryam,3 Safa,3,Pengakap Kanak-Kanak,Bola Sepak,Kelab Sains,Ahli,10
Adam Firdaus,4 Safa,4,Tunas Puteri,Badminton,Kelab Bahasa,Pengerusi,11
Farah Nabila,5 Marwah,5,Bulan Sabit Merah,Olahraga,Kelab ICT,Bendahari,7
Irfan Haikal,5 Safa,5,TKRS,Ping Pong,Kelab Seni,Pengerusi,12
Balqis Hana,6 Marwah,6,Puteri Islam,Bola Jaring,Kelab Muzik,Pengerusi,10
