Nama,Gelaran,Jawatan,Unit,Bidang,StatusHadir,JadualGanti,Telefon,Emel
Cikgu Aminah,Guru,Guru Data,Akademik,AGAMA,Hadir,2W,019-3277330,cikgu.aminah@skcm.edu.my
Cikgu Rahim,Guru,Penolong Kanan,Akademik,BM,Cuti,1W,015-2489218,cikgu.rahim@skcm.edu.my
Cikgu Hafiz,Guru,Guru Disiplin,Pentadbiran,SAINS,Cuti,2W,017-2734035,cikgu.hafiz@skcm.edu.my
Cikgu Zainab,Guru,Guru Disiplin,Kokurikulum,SAINS,Hadir,3W,013-3678470,cikgu.zainab@skcm.edu.my
Cikgu Kamariah,Guru,Penolong Kanan,Akademik,AGAMA,Cuti,1W,019-7788718,cikgu.kamariah@skcm.edu.my
Cikgu Ridzuan,Guru,Guru Disiplin,Pentadbiran,BM,Outstation,2W,014-5189762,cikgu.ridzuan@skcm.edu.my
Cikgu Sara,Guru,Penolong Kanan,Kokurikulum,SEJ,Hadir,-,013-6292418,cikgu.sara@skcm.edu.my
Cikgu Faizal,Guru,Guru Akademik,HEM,BI,Hadir,3W,011-6678209,cikgu.faizal@skcm.edu.my
Cikgu Liyana,Guru,Guru Akademik,Pentadbiran,SEJ,Hadir,2W,012-2868222,cikgu.liyana@skcm.edu.my
Cikgu Helmi,Guru,Guru Disiplin,HEM,SAINS,Outstation,-,013-6105738,cikgu.helmi@skcm.edu.my
