NamaMurid,NamaPenjaga,Hubungan,NoTelefon,Alamat,YuranPIBG,BukuTeks,Email
Ahmad Hakim,Puan Noraini,Bapa,011-6456304,"No 100, Jalan Harmoni, Skudai",Lunas,Lengkap,penjaga@example.com
Aisyah Zahra,Puan Noraini,Ibu,018-4367420,"No 73, Jalan Harmoni, Skudai",Lunas,Lengkap,penjaga@example.com
Muhammad Danish,Encik Razak,Penjaga,013-9349783,"No 108, Jalan Harmoni, Skudai",Lunas,Tidak Lengkap,penjaga@example.com
Nurul Iman,Encik Razak,Ibu,015-3736135,"No 110, Jalan Harmoni, Skudai",Tertunggak,Lengkap,penjaga@example.com
Aiman Syahmi,Encik Razak,Bapa,012-5365364,"No 57, Jalan Harmoni, Skudai",Lunas,Tidak Lengkap,penjaga@example.com
Siti Maryam,Puan Noraini,Bapa,015-5962640,"No 32, Jalan Harmoni, Skudai",Lunas,Lengkap,penjaga@example.com
Adam Firdaus,Puan Noraini,Ibu,014-9239006,"No 56, Jalan Harmoni, Skudai",Lunas,Tidak Lengkap,penjaga@example.com
Farah Nabila,Encik Razak,Bapa,011-3239014,"No 80, Jalan Harmoni, Skudai",Lunas,Lengkap,penjaga@example.com
Irfan Haikal,Puan Noraini,Ibu,017-5256881,"No 44, Jalan Harmoni, Skudai",Lunas,Tidak Lengkap,penjaga@example.com
Balqis Hana,Encik Razak,Penjaga,018-3140437,"No 68, Jalan Harmoni, Skudai",Lunas,Lengkap,penjaga@example.com
