NAMA,KELAS,TAHUN,BM,BI,MAT,SAINS,SEJ,AGAMA,PJK,PSV,MUZIK,BA,BC,BT,RBT
Ahmad Hakim,1 Marwah,1,89,96,82,59,87,69,65,93,43,,,,73
Aisyah Zahra,1 Safa,1,95,85,73,83,90,73,72,68,70,,,,67
Muhammad Danish,2 Marwah,2,96,73,69,88,84,83,64,98,80,,,,47
Nurul Iman,2 Safa,2,64,99,46,41,53,88,46,91,65,,,,58
Aiman Syahmi,3 Marwah,3,86,72,89,58,93,54,85,49,78,,,,79
Siti Maryam,3 Safa,3,46,68,75,59,64,43,65,65,98,,,,65
Adam Firdaus,4 Safa,4,46,97,44,88,67,48,59,93,84,,,,53
Farah Nabila,5 Marwah,5,85,83,63,99,95,70,75,93,81,,,,81
Irfan Haikal,5 Safa,5,62,40,51,67,51,81,68,60,40,,,,68
Balqis Hana,6 Marwah,6,40,84,43,49,56,58,53,73,83,,,,50
